NA,NA,G2 Dam eartag,S0180,S0180,S0179,S0179,S0176,S0176,S0176,S0176,S0176,S0176,S0176,S0176,T1180,T1180,S1080,S0179,S0179,S0179
NA,NA,G3 gender,M,F,M,F,M,F,F,F,M,M,M,F,M,M,F,M,F,F
NA,NA,Phenotype,0,0,1.1,1.4,6.3,6.9,7,10,11.2,13.3,15.5,20.4,30.1,33.3,40.6,60.4,71.3,80
Gene,Coordination,Amplicon,T1146,T1149,T1182,T1184,T1236,T1238,T1239,T1240,T1309,T1310,T1311,T1313,W3918,W3920,Y0020,Y0111,Y0112,Y0115
Aff3,1_38269726,R00040007,HET,VAR,HET,VAR,REF,HET,REF,HET,REF,HET,REF,REF,VAR,VAR,VAR,HET,REF,REF
Slc4a3,1_75557009,R00040059,HET,HET,HET,HET,REF,HET,REF,HET,REF,HET,REF,REF,VAR,VAR,HET,HET,REF,REF
Zbtb41,1_139442888,R00040004,HET,HET,VAR,HET,VAR,HET,HET,VAR,HET,HET,REF,HET,HET,HET,HET,HET,HET,HET
Scn7a,2_66687795,R00040046,REF,REF,REF,REF,REF,HET,VAR,HET,HET,REF,HET,REF,HET,HET,HET,HET,HET,HET
Ino80,2_119382960,R00040018,VAR,HET,HET,HET,REF,HET,REF,REF,REF,REF,REF,REF,VAR,HET,REF,HET,REF,REF
Adal,2_121152485,R00040019,REF,REF,REF,REF,HET,HET,VAR,HET,HET,HET,HET,HET,REF,HET,HET,HET,HET,HET
Sec23b,2_144564562,R00040020,REF,HET,REF,REF,HET,HET,VAR,HET,HET,HET,HET,HET,VAR,HET,HET,HET,HET,VAR
Mecom,3_29979911,R00040050,HET,HET,VAR,REF,REF,REF,VAR,HET,REF,REF,HET,VAR,REF,HET,REF,HET,HET,VAR
Ndst4,3_125570826,R00040066,REF,VAR,VAR,REF,REF,REF,VAR,HET,HET,HET,REF,HET,HET,VAR,REF,HET,HET,REF
Prkaa2,4_105047091,R00040045,REF,HET,HET,HET,REF,HET,REF,VAR,HET,HET,HET,HET,HET,REF,REF,REF,REF,HET
Ephb2,4_136657524,R00040048,REF,HET,HET,HET,REF,HET,HET,VAR,REF,HET,REF,HET,HET,REF,REF,REF,REF,HET
Epha5,5_84331842,R00040022,REF,REF,HET,HET,HET,HET,HET,REF,REF,HET,HET,REF,REF,REF,HET,HET,REF,HET
