Gene,Coordination,Amplicon,S0175,S0180,S4082,S4083,S4084,S4085,S4086
Aff3,1_38269726,R00040007,HET,HET,HET,REF,HET,HET,HET
Slc4a3,1_75557009,R00040059,HET,HET,REF,REF,HET,HET,HET
Zbtb41,1_139442888,R00040004,REF,HET,REF,REF,HET,HET,HET
Scn7a,2_66687795,R00040046,HET,HET,HET,REF,REF,REF,HET
Ino80,2_119382960,R00040018,HET,HET,HET,REF,HET,HET,HET
Adal,2_121152485,R00040019,REF,REF,REF,HET,REF,REF,REF
Sec23b,2_144564562,R00040020,REF,REF,REF,HET,REF,REF,REF
Mecom,3_29979911,R00040050,REF,REF,HET,HET,HET,REF,REF
Ndst4,3_125570826,R00040066,REF,HET,HET,HET,HET,REF,REF
Prkaa2,4_105047091,R00040045,REF,REF,HET,REF,REF,REF,HET
Ephb2,4_136657524,R00040048,REF,REF,REF,REF,REF,REF,HET
Epha5,5_84331842,R00040022,HET,REF,HET,REF,HET,HET,HET
Csn1s1,5_87671531,R00040023,HET,REF,HET,REF,HET,HET,HET
Ccdc18,5_108161700,R00040021,HET,REF,HET,REF,HET,HET,HET
Hvcn1,5_122240200,R00040062,FALSE,FALSE,FALSE,FALSE,FALSE,FALSE,FALSE
Hvcn1,5_122240204,R00040063,FALSE,FALSE,FALSE,FALSE,FALSE,FALSE,FALSE
Dnahc10,5_124726902,R00040043,HET,REF,HET,REF,HET,HET,HET
Foxp2,6_15197096,R00040025,REF,HET,REF,REF,REF,HET,REF
Luc7l2,6_38589234,R00040044,REF,HET,REF,REF,REF,HET,REF
Ndufb2,6_39596504,R00040036,REF,HET,REF,REF,REF,HET,REF
Cd207,6_83674248,R00040056,REF,REF,REF,REF,REF,HET,REF
Gm1965,6_89146487,R00040026,REF,REF,REF,REF,REF,HET,REF
Klra3,6_130323687,R00040024,HET,REF,REF,REF,REF,HET,REF
Klra1,6_130372873,R00040054,HET,REF,REF,REF,REF,HET,REF
Tgfb1,7_25692366,R00040028,HET,HET,REF,HET,REF,REF,HET
Scaf1,7_45007670,R00040053,HET,REF,REF,HET,REF,REF,REF
Nell1,7_50560759,R00040058,HET,REF,REF,HET,REF,REF,REF
Olfr639,7_104012431,R00040027,HET,REF,REF,HET,REF,REF,REF
Wrn,8_33317560,R00040057,REF,HET,REF,REF,REF,REF,HET
Prmt10,8_77555782,R00040060,HET,HET,HET,REF,REF,REF,HET
Zfp791,8_85110866,R00040065,HET,HET,HET,REF,REF,REF,HET
Arhgap32,9_32151998,R00040035,REF,REF,HET,REF,HET,HET,HET
Tecta,9_42345478,R00040052,REF,REF,HET,REF,HET,HET,REF
Atm,9_53453528,R00040031,HET,REF,HET,REF,HET,HET,REF
Glce,9_62068579,R00040033,HET,REF,HET,REF,HET,HET,REF
Rbm15b,9_106884936,R00040029,HET,REF,HET,REF,HET,HET,REF
Fbxw18,9_109701313,R00040049,HET,REF,HET,REF,HET,HET,REF
Akap12,10_4353220,R00040001,REF,HET,REF,REF,HET,HET,REF
AC159748.1,10_5443132,R00040002,REF,HET,REF,REF,HET,HET,REF
Ccdc38,10_93574102,R00040032,HET,REF,REF,HET,HET,HET,REF
Helb,10_120108981,R00040039,HET,REF,HET,HET,HET,HET,HET
Lrp1,10_127541825,R00040055,HET,REF,HET,HET,HET,HET,HET
Myo1g,11_6515901,R00040047,REF,HET,REF,REF,HET,REF,REF
Odz2,11_36023357,R00040003,failed,failed,failed,failed,failed,failed,failed
Cnp,11_100576807,R00040034,HET,REF,HET,HET,HET,HET,HET
Dnahc17,11_118060092,R00040051,HET,REF,HET,HET,HET,HET,HET
Dtnb,12_3596635,R00040005,HET,HET,HET,HET,REF,HET,HET
Ryr2,13_11665919,R00040006,HET,HET,HET,HET,REF,HET,REF
Cd180,13_102702708,R00040042,HET,REF,HET,HET,REF,REF,REF
Akap11,14_78514940,R00040008,REF,HET,REF,HET,REF,HET,HET
Oxr1,15_41820540,R00040009,HET,REF,REF,REF,REF,HET,REF
Colec10,15_54410875,R00040010,HET,REF,REF,REF,REF,HET,REF
E430025E21Rik,15_59367467,R00040011,HET,REF,REF,REF,REF,HET,REF
Pkdrej,15_85818183,R00040040,HET,REF,REF,REF,REF,HET,REF
Kansl2,15_98520376,R00040012,HET,HET,REF,REF,REF,REF,REF
Liph,16_21984194,R00040013,HET,REF,HET,HET,HET,REF,REF
Pde10a,17_8981576,R00040014,HET,REF,HET,REF,HET,REF,HET
5730494M16Rik,18_25158238,R00040038,HET,HET,HET,HET,REF,REF,REF
Hbegf,18_36507506,R00040015,HET,HET,HET,HET,REF,REF,REF
Pcdhac1,18_37145237,R00040016,HET,HET,HET,HET,REF,REF,REF
Pcdhb10,18_37411959,R00040017,HET,HET,HET,HET,REF,REF,REF
Stk32a,18_43305056,R00040037,HET,HET,HET,HET,HET,REF,REF
Sf1,19_6374191,R00040041,REF,REF,HET,REF,HET,HET,REF
Fgfbp3,19_36918682,R00040061,REF,REF,REF,REF,HET,HET,REF
